<?xml version="1.0" encoding="UTF-8"?>
<beans xmlns="http://www.springframework.org/schema/beans"
	xmlns:xsi="http://www.w3.org/2001/XMLSchema-instance"
	xsi:schemaLocation="http://www.springframework.org/schema/beans https://www.springframework.org/schema/beans/spring-beans.xsd">
	
	<!-- Root Context: defines shared resources visible to all other web components -->
	<!-- Google 소셜 로그인 연결 설정 -->
    <bean id="googleOAuth2Template"
        class="org.springframework.social.google.connect.GoogleOAuth2Template">
        <constructor-arg
            value="917704623053-1sfiershm02enjvgvctebp2152vv2ems.apps.googleusercontent.com" />
        <constructor-arg value="18Viz1UG23PhJhQHjD7k6N74" />
    </bean>
 
 
    <bean id="googleOAuth2Parameters"
        class="org.springframework.social.oauth2.OAuth2Parameters">
        <property name="scope"
            value="profile"></property>
        <property name="redirectUri"
            value="http://localhost:8080/google/googlecallback" />
    </bean>
 
    <bean id="authInfo" class="com.login.google.AuthInfo">
        <constructor-arg
            value="917704623053-1sfiershm02enjvgvctebp2152vv2ems.apps.googleusercontent.com" />
        <constructor-arg value="18Viz1UG23PhJhQHjD7k6N74" />
 
    </bean>
</beans>
